meeting_id,duration_sec,duration_min,latency_sec,rtf,wer_clean,wer_raw,cer,predicted_file,ground_truth_file,predicted_preview,ground_truth_preview
IS1009a,838.83,13.98,6.33,0.0076,24.28,28.58,19.41,/hdd3/users/dunglt/asr/benchmark_results_ami/transcripts/IS1009a_pred.txt,/hdd3/users/dunglt/asr/benchmark_results_ami/transcripts/IS1009a_gt.txt,The microphone is supposed to be to your right. Right? And then where's the other one? I think so. I think the first thi...,Okay Okay Everybody ready Yeah I think so Uh I think the first thing we do is introduce ourselves Yeah that's a good and...
IS1009b,2052.33,34.21,15.57,0.0076,20.99,26.05,16.27,/hdd3/users/dunglt/asr/benchmark_results_ami/transcripts/IS1009b_pred.txt,/hdd3/users/dunglt/asr/benchmark_results_ami/transcripts/IS1009b_gt.txt,"I'm going to go. Okay, is everybody ready? Yeah, just put on my microphone here and I'll be right with you. Okay. I take...",Okay is everybody ready Yeah Yeah I'd to just put on my microphone here and I'll be right with you Mm-hmm Okay Um I take...
IS1009c,1820.83,30.35,11.38,0.0063,18.38,25.51,13.07,/hdd3/users/dunglt/asr/benchmark_results_ami/transcripts/IS1009c_pred.txt,/hdd3/users/dunglt/asr/benchmark_results_ami/transcripts/IS1009c_gt.txt,"what is this? Okay. Hello everyone. Hi. How are we doing? Yeah, good. First we're going over the minutes of the last mee...",Okay Hello everyone Hi Hi Hi Um how uh how we doing Yeah good Uh first we going uh over the minutes of the last meeting ...
IS1009d,1944.5,32.41,12.21,0.0063,19.03,25.24,14.87,/hdd3/users/dunglt/asr/benchmark_results_ami/transcripts/IS1009d_pred.txt,/hdd3/users/dunglt/asr/benchmark_results_ami/transcripts/IS1009d_gt.txt,"Okay, okay. I'll let the arches go first. Well hi everyone again. Hello. Like before, I have to read you the minutes fro...",Well hi everyone again Hello Hello Hello Um like before we uh I have to redo the meetings from n th the minutes from the...
ES2004a,1049.35,17.49,7.24,0.0069,25.42,28.92,21.6,/hdd3/users/dunglt/asr/benchmark_results_ami/transcripts/ES2004a_pred.txt,/hdd3/users/dunglt/asr/benchmark_results_ami/transcripts/ES2004a_gt.txt,Are we...we're not allowed to dim the lights so people can see that a bit better. Yeah. Okay. That's fine. Am I supposed...,Hmm hmm hmm Are we we're not allowed to dim the lights so people can see that a bit better Yeah Okay that's fine Am I su...
ES2004b,2345.49,39.09,15.87,0.0068,23.69,27.11,18.88,/hdd3/users/dunglt/asr/benchmark_results_ami/transcripts/ES2004b_pred.txt,/hdd3/users/dunglt/asr/benchmark_results_ami/transcripts/ES2004b_gt.txt,"Help. It's up there. The screen's black. I'm not really sure. Oh right, okay. Right, our agenda for today. Do you want u...",Help It's up there That screen's black Alright okay Okay that's fine Oh God Are we done Right okay um this is our second...
ES2004c,2334.37,38.91,16.53,0.0071,21.77,24.47,16.69,/hdd3/users/dunglt/asr/benchmark_results_ami/transcripts/ES2004c_pred.txt,/hdd3/users/dunglt/asr/benchmark_results_ami/transcripts/ES2004c_gt.txt,"I'll wait until you're all hooked up. Good grief Thank you. Okay. Welcome back, everybody. I hope you've had fun. Right....",I'll wait until you're all um hooked up Oh good grief 'Kay Okay Oh Put it on in that Oops way Thanks Okay Mm Welcome bac...
ES2004d,2222.29,37.04,14.89,0.0067,31.59,33.53,26.57,/hdd3/users/dunglt/asr/benchmark_results_ami/transcripts/ES2004d_pred.txt,/hdd3/users/dunglt/asr/benchmark_results_ami/transcripts/ES2004d_gt.txt,"If you leave them on the whole time, you get to look like a noodle the whole time. Is that someone's? Is that... Thank c...",If you leave them on the whole time you get to look like a noodle the whole time Hmm Is that someone's Is that Thank you...
TS3003a,1505.64,25.09,8.03,0.0053,20.33,24.57,15.14,/hdd3/users/dunglt/asr/benchmark_results_ami/transcripts/TS3003a_pred.txt,/hdd3/users/dunglt/asr/benchmark_results_ami/transcripts/TS3003a_gt.txt,Good morning. Good morning. I see you all find your places. Is everybody sitting on the right place yeah I guess so let'...,So uh good morning Morning Morning Morning I see you all find your places Is everybody Yep sitting on the right place Ye...
TS3003b,2210.3,36.84,12.61,0.0057,19.55,25.43,14.78,/hdd3/users/dunglt/asr/benchmark_results_ami/transcripts/TS3003b_pred.txt,/hdd3/users/dunglt/asr/benchmark_results_ami/transcripts/TS3003b_gt.txt,"Good afternoon. Good afternoon. Now my laptop does it again. It's working. Okay, good afternoon. Everybody found this pl...",Okay Everybody found his place again Yeah Yes That's nice Okay so this is our second meeting And uh still failing Yeah U...
TS3003c,2570.0,42.83,13.34,0.0052,19.04,27.25,14.0,/hdd3/users/dunglt/asr/benchmark_results_ami/transcripts/TS3003c_pred.txt,/hdd3/users/dunglt/asr/benchmark_results_ami/transcripts/TS3003c_gt.txt,Just received a little beep. I don't know what it was. OK. Good afternoon. Good afternoon. This is our third meeting alr...,Okay Uh good afternoon Good afternoon This is our third meeting already I hope you enjoyed your lunch I did anyway Um le...
TS3003d,2618.2,43.64,15.13,0.0058,24.49,28.74,20.55,/hdd3/users/dunglt/asr/benchmark_results_ami/transcripts/TS3003d_pred.txt,/hdd3/users/dunglt/asr/benchmark_results_ami/transcripts/TS3003d_gt.txt,Hello. Good afternoon. Sorry I'm a little late. No problem. Got stuck in the traffic. Okay. It's possible this time of d...,Good afternoon So Hello Good afternoon Sorry I'm a little late No problem Got stuck in the traffic Okay That's possible ...
EN2002a,2142.71,35.71,15.23,0.0071,41.04,42.42,35.9,/hdd3/users/dunglt/asr/benchmark_results_ami/transcripts/EN2002a_pred.txt,/hdd3/users/dunglt/asr/benchmark_results_ami/transcripts/EN2002a_gt.txt,"I wonder how much of the meetings is talking about the stuff at the meetings. Yeah, exactly. Look at all this stuff, man...",Funky sh Wonder stuff how much like of the that meetings is talking about the stuff at the meetings Yeah Yeah exactly ye...
EN2002b,1786.85,29.78,12.94,0.0072,37.36,39.03,31.55,/hdd3/users/dunglt/asr/benchmark_results_ami/transcripts/EN2002b_pred.txt,/hdd3/users/dunglt/asr/benchmark_results_ami/transcripts/EN2002b_gt.txt,"Who wants to take notes this time, I guess. What? I'll take notes this time. I'll make funny drawings. Actually, I guess...",No No Okay Okay Who wants to take notes today Oh Channel Okay Okay Mm 'kay Yeah L I could take notes this time I guess W...
EN2002c,2972.26,49.54,23.09,0.0078,34.54,36.09,28.2,/hdd3/users/dunglt/asr/benchmark_results_ami/transcripts/EN2002c_pred.txt,/hdd3/users/dunglt/asr/benchmark_results_ami/transcripts/EN2002c_gt.txt,"Oops. Does it squeeze in like that? It's okay. Did you get a 7 out of 10 for the other one. Yeah. It's going to... Oh, o...",Oops 'Kay Does it squeeze in aye like that Yeah Okay Right Hmm Did you wanna take a look at comments There's more uh Did...
EN2002d,2209.9,36.83,17.29,0.0078,38.22,39.79,32.48,/hdd3/users/dunglt/asr/benchmark_results_ami/transcripts/EN2002d_pred.txt,/hdd3/users/dunglt/asr/benchmark_results_ami/transcripts/EN2002d_gt.txt,"Forget every time. Ah, sabotage. Keep an eye if I'm dropping this. It doesn't seem very slippery. Maybe if I if I said i...",Forget every time Oh dear this that doesn't the stick at all What Rena What this bit or this b Like this Where did my oh...
