recording_id,language,speaker_id,staged_path,text,domain,duration_ms,wer_pct,cer_pct,exact_match,sha256_local,audio_path
REC_0000003,vi,TIẾN TRẦN,audio/vi/REC_0000003.wav,Vui lòng đội mũ bảo hộ trước khi vào khu vực này.,industrial safety,5640,0.0,0.0,1,d5d154ff7667e563ffcda02789f1cab4ca1b3ff5e14bc277822b55068e23067c,audio/TIẾN TRẦN/vi_000008.wav
REC_0000005,vi,TIẾN TRẦN,audio/vi/REC_0000005.wav,Đã xác nhận khu vực làm việc an toàn để tiếp tục.,industrial safety,4500,0.0,0.0,1,3c8c6289e139f83ca02bbfcd3e9ebf39a30706806dd743a6939c7accf7314ab7,audio/TIẾN TRẦN/vi_000010.wav
REC_0000007,vi,TIẾN TRẦN,audio/vi/REC_0000007.wav,Xe nâng đang chờ ở cửa nhập hàng phía sau kho.,warehouse,4860,0.0,0.0,1,a803e4114b250036ba36e3c717569c0d00c312cb3d0b47d1374295e73d17227a,audio/TIẾN TRẦN/vi_000012.wav
REC_0000010,vi,TIẾN TRẦN,audio/vi/REC_0000010.wav,Đơn hàng số này cần được ưu tiên vận chuyển gấp.,logistics,5040,0.0,0.0,1,02811763140c70b249933b3426f1647a5e1d58acedc1f7f74c2e65913f9ebd56,audio/TIẾN TRẦN/vi_000015.wav
REC_0000012,vi,TIẾN TRẦN,audio/vi/REC_0000012.wav,Lô hàng này đã qua kiểm tra chất lượng chưa?,quality control,4020,0.0,0.0,1,b04447bc457f3caa9cda7057ff88bdecbb79c704031bcdd014d555aedb1f1a0f,audio/TIẾN TRẦN/vi_000017.wav
REC_0000014,vi,TIẾN TRẦN,audio/vi/REC_0000014.wav,Vui lòng lấy mẫu ngẫu nhiên để kiểm tra chất lượng.,quality control,5100,0.0,0.0,1,813ce51f3eaa2c6dbb7442217f89ca6cff51f613209de29d925e64ad0c200d74,audio/TIẾN TRẦN/vi_000019.wav
REC_0000025,vi,TIẾN TRẦN,audio/vi/REC_0000025.wav,Hãy hạ nhiệt độ kho lạnh xuống mức tiêu chuẩn.,temperature,3600,0.0,0.0,1,fe9e08b203a37cca1cf66ee8d1f4a1836f254aa5ee0ade247ed61cd0b14f741f,audio/TIẾN TRẦN/vi_000030.wav
REC_0000026,vi,TIẾN TRẦN,audio/vi/REC_0000026.wav,Nhiệt độ động cơ đã trở lại bình thường chưa?,temperature,3480,0.0,0.0,1,dca21eec06a27b392218f92d495ccaee2b28e3e729c063cc4d0d724057be7641,audio/TIẾN TRẦN/vi_000031.wav
REC_0000027,vi,TIẾN TRẦN,audio/vi/REC_0000027.wav,Vui lòng kiểm tra áp suất của đường ống trước khi khởi động máy.,pressure,4920,0.0,0.0,1,cef7c1ef6ae7953566885ee5f6febdd320ac95f5e76e8e7ef1dace6148874170,audio/TIẾN TRẦN/vi_000032.wav
REC_0000028,vi,TIẾN TRẦN,audio/vi/REC_0000028.wav,Áp suất trong bình khí nén đang giảm bất thường.,pressure,3600,0.0,0.0,1,77e1b075d8852eff3934f3f43304f625c60071fae942a212707b8075af7060c8,audio/TIẾN TRẦN/vi_000033.wav
REC_0000030,vi,TIẾN TRẦN,audio/vi/REC_0000030.wav,Cảm biến nhiệt độ ở khu vực lò hơi bị mất tín hiệu.,sensors,4380,0.0,0.0,1,34369bcdf61fb47e3cccefc7dd085244f06357e48b995c5587a0b4e8677b9934,audio/TIẾN TRẦN/vi_000035.wav
REC_0000031,vi,TIẾN TRẦN,audio/vi/REC_0000031.wav,Vui lòng hiệu chỉnh lại cảm biến áp suất trước ca làm việc.,sensors,4740,0.0,0.0,1,cd2a8df5acb8f70950235a0181e7eca40d94b51fefc1eaea1d947f1788653e82,audio/TIẾN TRẦN/vi_000036.wav
REC_0000032,vi,TIẾN TRẦN,audio/vi/REC_0000032.wav,Cảm biến chuyển động ở cổng vào có hoạt động bình thường không?,sensors,4380,0.0,0.0,1,363b9c45f03eaf1ace3232d7ea846529ae16e8c2a2e414fcf788870a0b83940d,audio/TIẾN TRẦN/vi_000037.wav
REC_0000033,vi,TIẾN TRẦN,audio/vi/REC_0000033.wav,Hãy kiểm tra định kỳ toàn bộ máy trước khi vận hành.,machine inspection,4080,0.0,0.0,1,4d3b22c7a2f99f0e215b2ebfd21b46ea5a79d6c377e30976d22782b947aff94a,audio/TIẾN TRẦN/vi_000038.wav
REC_0000035,vi,TIẾN TRẦN,audio/vi/REC_0000035.wav,Vui lòng ghi lại tình trạng máy sau mỗi lần kiểm tra.,machine inspection,3780,0.0,0.0,1,ba9c4a556918a79cc7bc12c3b9812725f59fda876caca4da0cef35228a0b4179,audio/TIẾN TRẦN/vi_000040.wav
REC_0000038,vi,TIẾN TRẦN,audio/vi/REC_0000038.wav,Vui lòng xác nhận đã nhận được thông báo an toàn hôm nay.,industrial communication,4320,0.0,0.0,1,ba6516d22ead27afb9ac3ab1f369a9df5d4a1c48e4d06babb986fdc9b1e48946,audio/TIẾN TRẦN/vi_000043.wav
REC_0000040,vi,SPK1830,audio/vi/REC_0000040.wav,Kiểm tra lại các thông số áp suất trên đồng hồ đo.,machine inspection,4380,0.0,0.0,1,65633696397f088a096f979de330c145407cc5906e9afe9fbdb2ac74f03f6b41,audio/SPK1830/vi_000047.wav
REC_0000045,vi,SPK1830,audio/vi/REC_0000045.wav,Luôn mang thiết bị bảo hộ cá nhân khi vào khu vực này.,industrial safety,4080,0.0,0.0,1,9b16c97e6868692f315b0d10e983b1649e640eb822a81ad21037ea75ecfc5b6a,audio/SPK1830/vi_000052.wav
REC_0000049,vi,SPK1830,audio/vi/REC_0000049.wav,Mức tồn kho của nguyên liệu này còn bao nhiêu?,warehouse,3360,0.0,0.0,1,d69f8a4aef346be47c409d752a66952d231b365ed65e8ab1baa7522e50a6ffce,audio/SPK1830/vi_000056.wav
REC_0000051,vi,SPK1830,audio/vi/REC_0000051.wav,Cẩn thận với các khu vực có điện áp cao.,electrical,2760,0.0,0.0,1,cc468b60786a9a36436668279d7131299d0b3312564cb80912a8f206cb044b21,audio/SPK1830/vi_000058.wav
REC_0000052,vi,SPK1830,audio/vi/REC_0000052.wav,Vui lòng kiểm tra lại quy trình vận hành.,factory operation,2880,0.0,0.0,1,61ab5630fe352b74c0499ad09b7f42634c4d032d5ae2ff5929966183628a213b,audio/SPK1830/vi_000059.wav
REC_0000053,vi,SPK1830,audio/vi/REC_0000053.wav,"Lô hàng này sẽ được giao vào ngày mai, đúng không?",logistics,3540,0.0,0.0,1,732a21c0e89e6942a77df7467d54f795ca10eb3cda7ae7ebe9504c3e548af950,audio/SPK1830/vi_000060.wav
REC_0000054,vi,SPK1830,audio/vi/REC_0000054.wav,Cảm biến nhiệt độ đang hiển thị giá trị bất thường.,sensors,3600,0.0,0.0,1,f4294a953cbe2ae5f4d49c317776dda5d15a7a9afe91850d1411821406c1a4a6,audio/SPK1830/vi_000061.wav
REC_0000061,vi,SPK1830,audio/vi/REC_0000061.wav,Áp suất khí nén đang giảm dưới mức an toàn.,pressure,3300,0.0,0.0,1,96dda5b93288ca641c6c8f34aace670e99122a68054408227773174e82ccc309,audio/SPK1830/vi_000068.wav
REC_0000063,vi,SPK1830,audio/vi/REC_0000063.wav,"Thiết bị đang hoạt động ổn định, không có lỗi.",equipment fault,3540,0.0,0.0,1,8459d7ff5d848df46621817dc8e7aa661b4a62fb1dea4425ad0c60087b1722fe,audio/SPK1830/vi_000070.wav
REC_0000066,vi,SPK1830,audio/vi/REC_0000066.wav,Luôn ngắt nguồn điện trước khi sửa chữa máy móc.,industrial safety,3240,0.0,0.0,1,3d2a5807d437b9e6bb7ca1bfc6eb7542d556cd08d5759896220f052066e17356,audio/SPK1830/vi_000073.wav
REC_0000067,vi,SPK1830,audio/vi/REC_0000067.wav,Kỹ thuật viên đã kiểm tra lại tất cả các cảm biến.,sensors,3480,0.0,0.0,1,12e477e9960884b60047951f6aa5195aa9cab1f92f35c811d061a431bc6527a6,audio/SPK1830/vi_000074.wav
REC_0000068,vi,SPK1830,audio/vi/REC_0000068.wav,Hạn chế tiếp xúc trực tiếp với hóa chất công nghiệp.,industrial safety,3240,0.0,0.0,1,3aa31536c6535afee364039d80fd4508c72b473c80bb9839e9eec175352cb53b,audio/SPK1830/vi_000075.wav
REC_0000069,vi,SPK1830,audio/vi/REC_0000069.wav,Vui lòng kiểm tra lại địa chỉ giao hàng.,logistics,2940,0.0,0.0,1,7a58474044ebb0aca026378aadb18f7b794ca67ed28516b95bd2297045db6c8c,audio/SPK1830/vi_000076.wav
REC_0000070,vi,SPK1830,audio/vi/REC_0000070.wav,Chúng ta có đủ vật liệu để sản xuất lô hàng này không?,warehouse,3900,0.0,0.0,1,6544ef596f74c22b5adfec5f1a21e8bd047b2473e11d31139e46b8a04c6c0d22,audio/SPK1830/vi_000077.wav
REC_0000071,vi,SPK1830,audio/vi/REC_0000071.wav,Bảo trì hệ thống điện định kỳ là rất quan trọng.,electrical,3600,0.0,0.0,1,4582aa99599f31fb346c5a08d7f89c76b2e39aeacced959780c5f69486b31209,audio/SPK1830/vi_000078.wav
REC_0000072,vi,SPK1830,audio/vi/REC_0000072.wav,Áp suất thủy lực đang tăng quá mức cho phép.,pressure,3240,0.0,0.0,1,fb659e89bce58585c6450aca6c986fd9f9e4a438f2d612400464166c66a80249,audio/SPK1830/vi_000079.wav
REC_0000073,vi,SPK1830,audio/vi/REC_0000073.wav,Vui lòng xác nhận rằng cửa kho đã được khóa an toàn.,warehouse,3600,0.0,0.0,1,4065f9a0cb293f4a5fa1836542373961c3caedf021fd63fc9dd82a98132ef03c,audio/SPK1830/vi_000080.wav
REC_0000078,vi,SPK1830,audio/vi/REC_0000078.wav,Đã nhận được thông báo về lịch trình vận chuyển mới.,logistics,3120,0.0,0.0,1,9c52b3291430a25276e704e129caf400d832c09372fcfe48659072a5a98b1e7b,audio/SPK1830/vi_000085.wav
REC_0000080,vi,MẶT TRỜI NHỎ,audio/vi/REC_0000080.wav,Thiết bị này có hoạt động bình thường không?,machine inspection,3272,0.0,0.0,1,ddf452a3099df4db3339477ba5cc407b68b6e7994db3b7cdcb03801ac9936c3f,audio/MẶT TRỜI NHỎ/vi_000088.wav
REC_0000081,vi,MẶT TRỜI NHỎ,audio/vi/REC_0000081.wav,"Máy đang chạy quá tải, cần kiểm tra.",equipment fault,3400,0.0,0.0,1,f16cb54d01a13e15c076cbdfb51a3b846b5b6dbdd0acd9a97d8193180112bbbf,audio/MẶT TRỜI NHỎ/vi_000089.wav
REC_0000102,vi,SPK9906,audio/vi/REC_0000102.wav,Kiểm tra lại tất cả các cảm biến áp suất.,sensors,4488,0.0,0.0,1,53031c89298d181afbb711c294b8605a68ee3792713466d904ab659b11fb3ac6,audio/SPK9906/vi_000094.wav
REC_0000106,vi,SPK9906,audio/vi/REC_0000106.wav,Đã nhận được thông báo về lỗi cảm biến.,sensors,4125,0.0,0.0,1,44bdec5386081adbd2497c3369eff1d5c4399588600750caf5b58ef7a48df16e,audio/SPK9906/vi_000098.wav
REC_0000107,vi,SPK9906,audio/vi/REC_0000107.wav,Đảm bảo khu vực này luôn sạch sẽ.,industrial safety,4402,0.0,0.0,1,177beb9032234ba52fc29291aada0c244926809b941cf61832354dfac805eec8,audio/SPK9906/vi_000099.wav
REC_0000109,vi,SPK9906,audio/vi/REC_0000109.wav,Vui lòng kiểm tra lại số lượng hàng tồn kho.,warehouse,4850,0.0,0.0,1,3fd97355d3015621680b16a2869d22e3e1bb1d1960f69967c8e107604d30cee8,audio/SPK9906/vi_000101.wav
REC_0000110,vi,SPK9906,audio/vi/REC_0000110.wav,Đèn báo lỗi trên bảng điều khiển sáng đỏ.,equipment fault,5128,0.0,0.0,1,71a1c676ee1351801d2af3713051199cd482d61377f50508eb5501355fc758ae,audio/SPK9906/vi_000102.wav
REC_0000111,vi,SPK9906,audio/vi/REC_0000111.wav,Hãy chắc chắn cửa thoát hiểm không bị chặn.,industrial safety,3912,0.0,0.0,1,43b897ecb222db29d9ec0bb54d7708a9c5af45634798ea42f357792185b33854,audio/SPK9906/vi_000103.wav
REC_0000112,vi,SPK9906,audio/vi/REC_0000112.wav,Có ai thấy tuốc nơ vít loại nhỏ không?,industrial communication,5470,0.0,0.0,1,8f179a2b74391140e9f827c4d83cc154e4515f42676ecc96d1237f24c251ceb1,audio/SPK9906/vi_000104.wav
REC_0000113,vi,SPK9906,audio/vi/REC_0000113.wav,Chúng tôi cần thêm nguyên liệu cho ca đêm.,production line,4402,0.0,0.0,1,7bebc68fe536861aef4887a91f670a3f4d64e3f7497e050ed8b19677f01ef8c5,audio/SPK9906/vi_000105.wav
REC_0000115,vi,SPK9906,audio/vi/REC_0000115.wav,Đừng quên đeo khẩu trang bảo hộ lao động.,industrial safety,3698,0.0,0.0,1,de21252873b0ffb7375fff4319b944c050cd2df8f2903a5c9154ee227d9495d7,audio/SPK9906/vi_000107.wav
REC_0000116,vi,SPK9906,audio/vi/REC_0000116.wav,Vui lòng kiểm tra các mối nối điện.,electrical,4082,0.0,0.0,1,f9637906da1b983cdf3386953f0264466964281b8b5add651e2fd90191284c68,audio/SPK9906/vi_000108.wav
REC_0000117,vi,SPK9906,audio/vi/REC_0000117.wav,Đã xác nhận chất lượng sản phẩm mẫu đạt.,quality control,4595,0.0,0.0,1,75b5028183869a68cc86ece21634de2ef2e75a16af3a566532537627d5582ca3,audio/SPK9906/vi_000109.wav
REC_0000119,vi,SPK9906,audio/vi/REC_0000119.wav,Máy bơm nước đang phát ra tiếng ồn lạ.,equipment fault,3975,0.0,0.0,1,3b2c676ccf554983983e2e8991c993fe3769af1e0ac2ab09f224349ee2a8ac04,audio/SPK9906/vi_000111.wav
REC_0000120,vi,SPK9906,audio/vi/REC_0000120.wav,Bạn đã hiệu chỉnh lại cảm biến chưa?,sensors,3570,0.0,0.0,1,3adcb34fb8d56150ddb97f19fc7adeea92d47c19f7642cf5127b36a3223742f2,audio/SPK9906/vi_000112.wav
REC_0000121,vi,SPK9906,audio/vi/REC_0000121.wav,Lên kế hoạch bảo dưỡng máy nén khí.,machine maintenance,3570,0.0,0.0,1,19a18138ec3e41eb3364ac2c6e46bc474dbb38c8b40256f0b93dcc8d06670624,audio/SPK9906/vi_000113.wav
REC_0000122,vi,SPK9906,audio/vi/REC_0000122.wav,Kiểm tra lại thông số kỹ thuật của lô hàng.,logistics,4360,0.0,0.0,1,6da8b0ca1eaae6fb14931a2af656b1b574a35b42f7ea2496e2f30daa2af92f87,audio/SPK9906/vi_000114.wav
REC_0000123,vi,SPK9906,audio/vi/REC_0000123.wav,Áp suất thủy lực đang ổn định ở mức trung bình.,pressure,4318,0.0,0.0,1,abfab49460f922aa41f05f791c0c8c7f7caa5f5816f02fdad612902b32833371,audio/SPK9906/vi_000115.wav
REC_0000124,vi,SPK9906,audio/vi/REC_0000124.wav,Cần một báo cáo kiểm tra chi tiết thiết bị.,machine inspection,4040,0.0,0.0,1,bf5a401fe46628b129e9659cac834b1895bf313dee15c8fd209395024f620b0d,audio/SPK9906/vi_000116.wav
REC_0000125,vi,SPK9906,audio/vi/REC_0000125.wav,Vui lòng kết nối lại đường truyền tín hiệu.,industrial communication,4318,0.0,0.0,1,bf4a752e36529197dec841cd2a35d00d4b32a6cdcc09542a837a4f97b6846d1e,audio/SPK9906/vi_000117.wav
REC_0000126,vi,SPK9906,audio/vi/REC_0000126.wav,Nhiệt độ môi trường làm việc đang tăng.,temperature,3635,0.0,0.0,1,1455a128c8034b50f1627663aaae982f48ac09e1262c467a04a2a83f423b4844,audio/SPK9906/vi_000118.wav
REC_0000127,vi,SPK9906,audio/vi/REC_0000127.wav,Ai là người phụ trách ca này?,factory operation,3570,0.0,0.0,1,87c7a178a2a0bab990af393ef1afe892e5581d6e158253b53b5e88948f384a82,audio/SPK9906/vi_000119.wav
REC_0000131,vi,SPK9906,audio/vi/REC_0000131.wav,Kiểm tra an toàn trước khi vận hành máy.,industrial safety,4232,0.0,0.0,1,06575fbbf3984284a868decf9de206fd7d59c945782ba526bfbbd0f3e57b58b2,audio/SPK9906/vi_000123.wav
REC_0000133,vi,SPK9906,audio/vi/REC_0000133.wav,Có cần điều chỉnh tốc độ băng tải không?,production line,3762,0.0,0.0,1,0db273a6d0e44869433c65b534e8002104e92b39be9bb97d3ff5ec30e9e161d9,audio/SPK9906/vi_000125.wav
REC_0000136,vi,SPK9906,audio/vi/REC_0000136.wav,Dây chuyền đã tạm dừng để bảo trì.,factory operation,3805,0.0,0.0,1,d994798f3971529ddc2b7683d7b37dbd877abb87e3f5e8e5c7bcfb6b04165b1f,audio/SPK9906/vi_000128.wav
REC_0000140,vi,SPK9906,audio/vi/REC_0000140.wav,Ai có thể hỗ trợ điều chỉnh máy này?,machine maintenance,4380,0.0,0.0,1,c2de5b885057b35428db3bdf552f5abab720a9cc35da66333711a7204399eba0,audio/SPK9906/vi_000132.wav
REC_0000141,vi,SPK9906,audio/vi/REC_0000141.wav,Cảnh báo nguy hiểm điện giật.,industrial safety,3100,0.0,0.0,1,ab6d4695a2dbcbaeb3a2e31e867bd6282342618d51dfc67bcf0d146d710a01ec,audio/SPK9906/vi_000133.wav
REC_0000142,vi,SPK9906,audio/vi/REC_0000142.wav,Nhiệt độ tối ưu cho phản ứng là bao nhiêu?,temperature,4102,0.0,0.0,1,e3bc758bb2d4aa9958768da8e0756c17ee2cc1bea00dda31079efe631b24ea15,audio/SPK9906/vi_000134.wav
REC_0000165,vi,SPK9993,audio/vi/REC_0000165.wav,Thay dầu nhớt cho động cơ chính ngay.,machine maintenance,4552,0.0,0.0,1,fe7a537a626591a90bce55b74d7695e99a64676f31451f6e656c6310b06c61ae,audio/SPK9993/vi_000138.wav
REC_0000167,vi,SPK9993,audio/vi/REC_0000167.wav,Xếp hàng lên xe tải số năm.,logistics,5118,0.0,0.0,1,5e500c6eec236ac12c6c6b47c4cec39bc8f25dfd653e7f45554e68246ddcbce5,audio/SPK9993/vi_000140.wav
REC_0000168,vi,SPK9993,audio/vi/REC_0000168.wav,Lấy mẫu sản phẩm từ lô số hai.,quality control,4920,0.0,0.0,1,a5a4c01beca0b9d812bc968d30536f6e3adbdca77c35c33053113e4528797a0b,audio/SPK9993/vi_000141.wav
REC_0000170,vi,SPK9993,audio/vi/REC_0000170.wav,Ngắt nguồn điện chính khẩn cấp.,electrical,3975,0.0,0.0,1,ab55f877116283115edaf786e6b9bb853a134f311fdcf53dbd6c1b663f4c159f,audio/SPK9993/vi_000143.wav
REC_0000171,vi,SPK9993,audio/vi/REC_0000171.wav,Dây chuyền đang chạy ổn định chưa?,production line,4658,0.0,0.0,1,5d6fe7a212bd4d0195b5bef3177ad6d874ab0e6f1790388d488b26b9882131c1,audio/SPK9993/vi_000144.wav
REC_0000172,vi,SPK9993,audio/vi/REC_0000172.wav,Mọi người đã mặc đầy đủ đồ bảo hộ chưa?,industrial safety,4658,0.0,0.0,1,c10d26f76bd6d6df9cb73483957ef35aa115aed94ca8880749130cf3d6e375c2,audio/SPK9993/vi_000145.wav
REC_0000173,vi,SPK9993,audio/vi/REC_0000173.wav,Vị trí hàng hóa mới trong kho ở đâu?,warehouse,5512,0.0,0.0,1,7ac815ad9f649d5163d046b9da8e033416b3e4f9cac55f68da8669f6bf08420c,audio/SPK9993/vi_000146.wav
REC_0000174,vi,SPK9993,audio/vi/REC_0000174.wav,Đơn hàng này sẽ giao vào lúc mấy giờ?,logistics,4658,0.0,0.0,1,5c8adcb33771873a2b1f691303cffa8e81ea7636a8401fa392290c1721fc91b5,audio/SPK9993/vi_000147.wav
REC_0000177,vi,SPK9993,audio/vi/REC_0000177.wav,Nhiệt độ phòng lạnh hiện tại là bao nhiêu?,temperature,5682,0.0,0.0,1,17ffe52ff5225dbf2ab044981d175e9a8eed93f12a3b74d4057c21933e814e2e,audio/SPK9993/vi_000150.wav
REC_0000179,vi,SPK9993,audio/vi/REC_0000179.wav,Khu vực này an toàn để làm việc.,industrial safety,4808,0.0,0.0,1,35e51e38011c0cee012d6bd3dcf511a01ed0d5ac940089d1ae449b7a27a80657,audio/SPK9993/vi_000152.wav
REC_0000183,vi,SPK9993,audio/vi/REC_0000183.wav,Dây chuyền đang hoạt động hết công suất.,production line,4850,0.0,0.0,1,7daa8d9c6fde300174b3c969b66e6f9a10230d1960e09cf14bc298b84840c834,audio/SPK9993/vi_000156.wav
REC_0000185,vi,SPK9993,audio/vi/REC_0000185.wav,Cẩn thận khu vực máy đang hoạt động!,industrial safety,4808,0.0,0.0,1,b9ba4709e2777436958111e7963ca5ff8a439c4e9174a80113aaec0b8bbdde69,audio/SPK9993/vi_000158.wav
REC_0000188,vi,SPK9993,audio/vi/REC_0000188.wav,"Hàng dễ vỡ, xin vận chuyển cẩn thận.",logistics,4102,0.0,0.0,1,6d41bb60b42dc4f0764da55fa3f363454bcc49cfdeabe9f9939dd7429e86258d,audio/SPK9993/vi_000161.wav
REC_0000189,vi,SPK9993,audio/vi/REC_0000189.wav,Lỗi sản phẩm có thể ảnh hưởng nghiêm trọng.,quality control,4680,0.0,0.0,1,10b0a648e2e5d2a19da7f07178fad3fb05dbef561c269ac1fa9bc8a85e15c50d,audio/SPK9993/vi_000162.wav
REC_0000191,vi,SPK9993,audio/vi/REC_0000191.wav,Cảnh báo điện cao thế rất nguy hiểm!,electrical,4615,0.0,0.0,1,6c530767f02082bcf2a2614de7fd0263a9cc40437d09a9612959b453a54ea4b7,audio/SPK9993/vi_000164.wav
REC_0000195,vi,SPK9993,audio/vi/REC_0000195.wav,Đã xác nhận lịch trình giao hàng mới.,logistics,4082,0.0,0.0,1,2fb0385298b3594f56b10f700012ab2f69d01e8988e05bc9678149a6e6ffe901,audio/SPK9993/vi_000168.wav
REC_0000197,vi,SPK9993,audio/vi/REC_0000197.wav,Đã xác nhận sẵn sàng cho ca sản xuất mới.,production line,5108,0.0,0.0,1,80abf64e2a95869de4ce662c6156182d9c0f221b672ebd8bb18b9116c27f7068,audio/SPK9993/vi_000170.wav
REC_0000199,vi,SPK9993,audio/vi/REC_0000199.wav,Kiểm tra hệ thống phòng cháy chữa cháy.,industrial safety,5000,0.0,0.0,1,7aa03975f4facb1fa8052f5c35bb69bb64fe43e34ac6e651af5b7298171025e9,audio/SPK9993/vi_000172.wav
REC_0000200,vi,SPK9993,audio/vi/REC_0000200.wav,Kiểm tra sắp xếp hàng hóa trong kho.,warehouse,4915,0.0,0.0,1,cc807a1730e1bb699141cfd056cb3505b4eda0173e783c38d8279cbd115ae62d,audio/SPK9993/vi_000173.wav
REC_0000201,vi,SPK9993,audio/vi/REC_0000201.wav,Kiểm tra chứng từ vận chuyển hàng hóa.,logistics,4615,0.0,0.0,1,6dbf06e379fd894d2922e73fc3fb0c1e9bc0a922ce1fd77399261a65671b7c50,audio/SPK9993/vi_000174.wav
REC_0000202,vi,SPK9993,audio/vi/REC_0000202.wav,Kiểm tra thông số kỹ thuật sản phẩm.,quality control,4338,0.0,0.0,1,d1ee40f8ccf451063c7a9d3d1bae93ba6992b475bc219539f5fe8b1f2b501d7b,audio/SPK9993/vi_000175.wav
REC_0000203,vi,SPK9993,audio/vi/REC_0000203.wav,Kiểm tra độ nhạy của cảm biến.,sensors,3188,0.0,0.0,1,e39adbc326983806a02abfe1b2ebb9e58ea0b29559a794b492aa5a8c418183fa,audio/SPK9993/vi_000176.wav
REC_0000207,vi,SPK9993,audio/vi/REC_0000207.wav,Đảm bảo tất cả công nhân tuân thủ quy trình an toàn.,industrial safety,6258,0.0,0.0,1,cfc40baa32d0fa32c12fecb562117a355d6ac2abb65a05739a19a0a90c0e3cd6,audio/SPK9993/vi_000180.wav
REC_0000209,vi,SPK9993,audio/vi/REC_0000209.wav,Đã thay thế bộ lọc dầu cho động cơ chính.,machine maintenance,5062,0.0,0.0,1,017800344875df8915df10d7088d5992ee804a5edc1ff41259cf9acaab6d1567,audio/SPK9993/vi_000182.wav
REC_0000213,vi,SPK9993,audio/vi/REC_0000213.wav,Luôn đeo thiết bị bảo hộ cá nhân khi vào khu vực này.,industrial safety,5768,0.0,0.0,1,8deebb2ec075e9f7f958be0e5d5ebe2faf6d562c2b8c4934008c8f9deb92986f,audio/SPK9993/vi_000186.wav
REC_0000214,vi,SPK9993,audio/vi/REC_0000214.wav,Cảnh báo: Lỗi hệ thống an toàn khẩn cấp.,industrial safety,5660,0.0,0.0,1,7f8b92247dc528ccbab774281f4414011c4fd491f86c5a1b545c52f396ca1e2c,audio/SPK9993/vi_000187.wav
REC_0000215,vi,SPK9993,audio/vi/REC_0000215.wav,Đã kiểm tra tất cả các nút dừng khẩn cấp.,industrial safety,4892,0.0,0.0,1,0988c957f1dac6ebaad46fcd2b5f68aaacdb6945bcc9a3a509ed4986c554011b,audio/SPK9993/vi_000188.wav
REC_0000216,vi,SPK9993,audio/vi/REC_0000216.wav,Có ai thấy biển báo nguy hiểm đó không?,industrial safety,3998,0.0,0.0,1,0e8935da75475879a36e5589845efdff2f7838212c2899c9b3bfd910b1bf77b6,audio/SPK9993/vi_000189.wav
REC_0000218,vi,SPK9993,audio/vi/REC_0000218.wav,Số lượng hàng tồn kho có đủ cho đơn hàng này không?,warehouse,5618,0.0,0.0,1,bf2f0e9b5f0367d93aa34d81d7ae9be0f9344e56501ab1f271c6ef3e0633ac17,audio/SPK9993/vi_000191.wav
REC_0000219,vi,SPK9993,audio/vi/REC_0000219.wav,Đã nhận được lô hàng mới vào sáng nay.,warehouse,3912,0.0,0.0,1,e851cf5807e4b48bf6718a6a59e30be787645a5eb2914836966c3df0df203624,audio/SPK9993/vi_000192.wav
REC_0000221,vi,SPK9993,audio/vi/REC_0000221.wav,Xác nhận đã nhập dữ liệu hàng hóa vào hệ thống.,warehouse,4700,0.0,0.0,1,492b4464a15f474502090bb619937e499757498c7de61108b5dc34b84881a61a,audio/SPK9993/vi_000194.wav
REC_0000225,vi,SPK9993,audio/vi/REC_0000225.wav,Đã xác nhận lịch trình vận chuyển cho tuần tới.,logistics,4978,0.0,0.0,1,b694af84e3077d26f9ddf5bc5bdadd9159e246c17e42fa62bbcbd3edf5bbe8bd,audio/SPK9993/vi_000198.wav
REC_0000231,vi,SPK9993,audio/vi/REC_0000231.wav,Dừng ngay dây chuyền nếu phát hiện sự cố.,production line,4275,0.0,0.0,1,c7f8f76783d102dfccbaf4f5d8b5de8b15a0d9688a6bc6a9e4e286632b731302,audio/SPK9993/vi_000204.wav
REC_0000232,vi,SPK9993,audio/vi/REC_0000232.wav,Có đủ nguyên liệu cho ca đêm không?,production line,3890,0.0,0.0,1,611c12e6f741554ecf14998323b51cf5048bfed0f84311a3f6ddcb0bea376a4e,audio/SPK9993/vi_000205.wav
REC_0000235,vi,SPK9993,audio/vi/REC_0000235.wav,Bạn có thể kiểm tra lỗi hiển thị trên bảng điều khiển không?,equipment fault,5618,0.0,0.0,1,270790acdb6a77aac2665338804c3272a7df65aa7605336a1f4c374bae883d84,audio/SPK9993/vi_000208.wav
REC_0000237,vi,SPK9993,audio/vi/REC_0000237.wav,Đảm bảo ngắt toàn bộ nguồn điện trước khi sửa chữa.,electrical,4788,0.0,0.0,1,1c47869a1356f87033826d44c6b62f1d7a129f586660853e14f34f8ce657f2d6,audio/SPK9993/vi_000210.wav
REC_0000239,vi,SPK9993,audio/vi/REC_0000239.wav,Cần điều chỉnh nhiệt độ về mức tiêu chuẩn.,temperature,4422,0.0,0.0,1,3342fc3746dd17ab56e44e0aedd053c85e6c3860acf9b45d289d46ca7fab28cf,audio/SPK9993/vi_000212.wav
REC_0000243,vi,SPK9993,audio/vi/REC_0000243.wav,Vui lòng xác nhận bạn đã nhận được thông báo này.,industrial communication,4488,0.0,0.0,1,36c9f68706fd4fa936f56e1535bfb25e7c46285311de3caac24691efb442406a,audio/SPK9993/vi_000216.wav
REC_0000086,en,MẶT TRỜI NHỎ,audio/en/REC_0000086.wav,Please replace the lubricant on the air compressor today.,machine maintenance,5172,0.0,0.0,1,e8c03ce207cba1a37f527091e9db1b230ef31e4dcda497a8a285e224794ce5de,audio/MẶT TRỜI NHỎ/en_000005.wav
REC_0000087,en,MẶT TRỜI NHỎ,audio/en/REC_0000087.wav,The scheduled maintenance for the conveyor belt is due.,machine maintenance,4742,0.0,0.0,1,f5d1df6aac59ad969bbea7c2e16735897c0f763300c9060fdf6dc7474f4fda56,audio/MẶT TRỜI NHỎ/en_000006.wav
REC_0000089,en,MẶT TRỜI NHỎ,audio/en/REC_0000089.wav,You must wear a helmet before entering this area.,industrial safety,4710,0.0,0.0,1,fa5a9b9b18e15f3af1952d451c6cfc5bda0caa17e1d77f8b4a69e9667bfb81a1,audio/MẶT TRỜI NHỎ/en_000008.wav
REC_0000097,en,MẶT TRỜI NHỎ,audio/en/REC_0000097.wav,A surface defect was found on five sample units.,quality control,3772,0.0,0.0,1,d2a2441e7e5ad9dd0d11a6a1c987ce088a982622cdc7e8fc1363c45a7475bbee,audio/MẶT TRỜI NHỎ/en_000017.wav
REC_0000145,en,SPK9159,audio/en/REC_0000145.wav,The main conveyor suddenly stopped for an unknown reason.,equipment fault,7348,0.0,0.0,1,6a9b5eaaf6b75d5c1a9500ceb5d9576754274a5d0103bd6564b5bd796c395eb7,audio/SPK9159/en_000023.wav
REC_0000148,en,SPK9159,audio/en/REC_0000148.wav,Is the output voltage of the main panel stable?,electrical,8030,0.0,0.0,1,8a75ba5c4b6e397742404ef64413930e995bda4efa35a3ea586715402f82a033,audio/SPK9159/en_000026.wav
REC_0000150,en,SPK9159,audio/en/REC_0000150.wav,The drying oven temperature is currently above the limit.,temperature,7880,0.0,0.0,1,3bcee51a4ebfef48547fae877b13ca1d4e30dae2cd5a83f727989ac033017b19,audio/SPK9159/en_000028.wav
REC_0000151,en,SPK9159,audio/en/REC_0000151.wav,Please lower the cold storage temperature to the standard level.,temperature,7772,0.0,0.0,1,edcc2d18374ca3d76e9768b224d0a583a917ebeacee987b642bf837df3204018,audio/SPK9159/en_000029.wav
REC_0000156,en,SPK9159,audio/en/REC_0000156.wav,The temperature sensor near the boiler has lost signal.,sensors,5790,0.0,0.0,1,14dc8827755935a70e2bda3c565b1a96d15c6f944c0cff38ed0c4ce0e0c852c8,audio/SPK9159/en_000034.wav
REC_0000159,en,SPK9159,audio/en/REC_0000159.wav,Please perform a routine inspection of all machines before operation.,machine inspection,7858,0.0,0.0,1,23257aefcaa3b619aa7bb2e29d54db68f48a2d9a0fb2cd1803f35f4e0ae95a22,audio/SPK9159/en_000037.wav
REC_0000163,en,SPK9159,audio/en/REC_0000163.wav,Has the technical team been notified about the incident?,industrial communication,6962,0.0,0.0,1,f1043eeea0ee00ad1838e0ff339cafc1f8d75100c2fd963778fd274a6155f085,audio/SPK9159/en_000041.wav
REC_0000246,en,HOABINH,audio/en/REC_0000246.wav,"Affirmative, I have completed the system restart.",factory operation,5015,0.0,0.0,1,43716660c17be5720fb08240a490a609bfaa9eebefa4c04247b56d3f98d66c95,audio/HOABINH/en_000047.wav
REC_0000254,en,HOABINH,audio/en/REC_0000254.wav,Has the new sensor been calibrated correctly?,sensors,6422,0.0,0.0,1,551aa83cd3ce8e3bdae6b0c66f8d310a2b71c3ea307c4a6925ad35f70831ad6e,audio/HOABINH/en_000056.wav
REC_0000256,en,TRUONGGIANG,audio/en/REC_0000256.wav,"Yes, the shipment has been successfully dispatched.",logistics,4860,0.0,0.0,1,9c6f463bd004e706da5cc20818c81cd116cdc08b7dbcf779b262e83ef2a6943d,audio/TRUONGGIANG/en_000059.wav
REC_0000257,en,NGUYEN VAN HUY,audio/en/REC_0000257.wav,The robot arm is currently in standby mode.,factory operation,6168,0.0,0.0,1,0458d2834ea8a375279cdd31f050410887ec7b625cb5049de0d858e2b7360ea7,audio/NGUYEN VAN HUY/en_000057.wav
REC_0000259,en,TRUONGGIANG,audio/en/REC_0000259.wav,What is the current temperature inside the oven?,temperature,4680,0.0,0.0,1,fba5376fecec457fca0b0a60f6e6bf27f80b55a9fa2ad1e149339bbcb7306c75,audio/TRUONGGIANG/en_000062.wav
REC_0000260,en,TRUONGGIANG,audio/en/REC_0000260.wav,We are experiencing a minor electrical fault on line four.,equipment fault,6660,10.0,7.02,0,697042b11dc5277c70ff5f310f5b329933283572c523f4f65aa1a14612408fb0,audio/TRUONGGIANG/en_000063.wav
REC_0000262,en,HOABINH,audio/en/REC_0000262.wav,"Copy that, I am proceeding with the shutdown.",industrial communication,5335,0.0,0.0,1,d361ec2fe67a32c0e3d6e1617f6021d6bd0471d10ef7ffb44b7668cbadc0a3f4,audio/HOABINH/en_000065.wav
REC_0000264,en,HOABINH,audio/en/REC_0000264.wav,Power down the main circuit breaker immediately.,electrical,5890,0.0,0.0,1,8756ee92c34d32f79f7f9969fddf285faee237b6c4e70066098d6f20535ecfd1,audio/HOABINH/en_000067.wav
REC_0000268,en,TRUONGGIANG,audio/en/REC_0000268.wav,"Be careful, that pallet is unstable and overloaded.",warehouse,5580,0.0,0.0,1,f91ac5ecb7bc837566eaba3253a113698a87bdb45f0ec9cce689ef081b354e22,audio/TRUONGGIANG/en_000064.wav
REC_0000271,en,TRUONGGIANG,audio/en/REC_0000271.wav,Tighten the loose bolts on the assembly station frame.,machine maintenance,6000,11.11,1.89,0,8f6594946fe8cde037e35b500e4d1990c4f1fb1d94ba1b209a2195f0bc972a6f,audio/TRUONGGIANG/en_000073.wav
REC_0000279,en,TRUONGGIANG,audio/en/REC_0000279.wav,The robotic arm requires immediate troubleshooting.,equipment fault,5340,0.0,0.0,1,34c5cb6c2340f1c8fd56dd9beeadc44fefbbf91facaca3b8e67f14a93a5efa5f,audio/TRUONGGIANG/en_000081.wav
REC_0000280,en,HOABINH,audio/en/REC_0000280.wav,"Stop the line, we have a jam near the feeder.",production line,6315,10.0,9.3,0,22bf3ad0fe60a0c374503c585fcc989d4208f54fef04fbeaf9966aa45d618b8b,audio/HOABINH/en_000082.wav
REC_0000284,en,TRUONGGIANG,audio/en/REC_0000284.wav,Please confirm the current status of the conveyor system.,industrial communication,4800,0.0,0.0,1,f032d953317fc698a6243cba9df65a5a89d41b962932d4cc94cd4017b84bb772,audio/TRUONGGIANG/en_000083.wav
REC_0000285,en,TRUONGGIANG,audio/en/REC_0000285.wav,This batch of parts has failed the quality test.,quality control,6060,0.0,0.0,1,7633eff5d2296711f7ef91272f7c6bfe34c6db178e53e58fc83dd740bcbe794e,audio/TRUONGGIANG/en_000088.wav
REC_0000288,en,TRUONGGIANG,audio/en/REC_0000288.wav,Shut down the entire production line now.,production line,4560,0.0,0.0,1,55c8036018df4f771c331c2e0d352df5d6abd7fe77b4c88d71d64135334c510c,audio/TRUONGGIANG/en_000089.wav
REC_0000289,en,MẶT TRỜI NHỎ,audio/en/REC_0000289.wav,"Yes, the delivery truck departed an hour ago.",logistics,4018,0.0,0.0,1,4909aef9dc01524e11f7812f0762aaca1f2b1a00c57123b529e553d46450bb23,audio/MẶT TRỜI NHỎ/en_000093.wav
REC_0000290,en,MẶT TRỜI NHỎ,audio/en/REC_0000290.wav,Can you hear me clearly on this radio channel?,industrial communication,3592,0.0,0.0,1,5e7c6da4e0e0024c546fb7f9b64b55eee223efc4e129e16bde1e64afffae6cd3,audio/MẶT TRỜI NHỎ/en_000097.wav
REC_0000291,en,MẶT TRỜI NHỎ,audio/en/REC_0000291.wav,There's a critical error on the control panel.,equipment fault,4422,0.0,0.0,1,5d40a2540a346ba874385f2e9e464372dfd5ba96f331ca02ade8864ad8ee7e8a,audio/MẶT TRỜI NHỎ/en_000098.wav
REC_0000294,en,MẶT TRỜI NHỎ,audio/en/REC_0000294.wav,I confirm the inventory count is accurate.,warehouse,4530,0.0,0.0,1,fe9ceb98dc21b6cdc7e7d06a884ebe2abb9c88c80d70fe2d44c1ac02f8ccb7cb,audio/MẶT TRỜI NHỎ/en_000103.wav
REC_0000295,en,MẶT TRỜI NHỎ,audio/en/REC_0000295.wav,Is the emergency stop button functioning correctly?,industrial safety,4742,0.0,0.0,1,8bfdfb97958859a8d9634646748742bea971f92e6cd5d135d38a7a520c87b94c,audio/MẶT TRỜI NHỎ/en_000105.wav
REC_0000297,en,MẶT TRỜI NHỎ,audio/en/REC_0000297.wav,Inspect the welding seams for any visible defects.,quality control,5212,0.0,0.0,1,17428a5ef28d1fab9c71857a4c0b1aa338f084c6164e947bc420d070a2a886e1,audio/MẶT TRỜI NHỎ/en_000108.wav
REC_0000303,en,MẶT TRỜI NHỎ,audio/en/REC_0000303.wav,Warning: Do not approach the running machinery.,industrial safety,4148,0.0,0.0,1,954901bfe234ede6a3b04e31b8f4559a51c19d4b87664781e7f7422369b18cb3,audio/MẶT TRỜI NHỎ/en_000117.wav
REC_0000305,en,SPK9013,audio/en/REC_0000305.wav,What is the current ambient temperature in the plant?,temperature,6465,0.0,0.0,1,022b4e872388ea6018d0350b2c0534bdfd4eaf96d084c6da3f00fb73176e27a9,audio/SPK9013/en_000123.wav
REC_0000310,en,SPK9013,audio/en/REC_0000310.wav,Secure the area before commencing the repair work.,industrial safety,6040,0.0,0.0,1,36eaf14250a3a2452535916fffeaad58045264eb4803913b191de475d0399a09,audio/SPK9013/en_000128.wav
REC_0000312,en,SPK9013,audio/en/REC_0000312.wav,Check for proper alignment of the optical sensor.,sensors,7340,0.0,0.0,1,d23e4a27ab6a0f4448e7b2606edb1d0830e5b33b06fe904b2abc77d042b45e3f,audio/SPK9013/en_000130.wav
REC_0000313,en,TRINA,audio/en/REC_0000313.wav,Watch out for the forklift coming around the corner.,factory operation,3600,0.0,0.0,1,507608cbc1e8723ff14df23ddfc87e4eaa4725a8bacfb0724b1e33c8dd33082c,audio/TRINA/en_000136.wav
REC_0000314,en,TRINA,audio/en/REC_0000314.wav,"Yes, the batch process has been successfully initiated.",factory operation,6180,0.0,0.0,1,e80c8fe447ff2824ce27ee4e400f844a64f1f2abc9e3b7e83e99df104219fe1e,audio/TRINA/en_000137.wav
REC_0000316,en,TRINA,audio/en/REC_0000316.wav,Increase the speed setting for the cutting machine.,factory operation,4020,0.0,0.0,1,108926c442e26973ac59732177d7830658082c2643a4944260f0995fcb999781,audio/TRINA/en_000139.wav
REC_0000317,en,TRINA,audio/en/REC_0000317.wav,Ensure all production data is logged accurately every shift.,factory operation,6120,0.0,0.0,1,0b17dc28418377042959f949d68f25d702c2b8727c9c2e311c84eee6fc767954,audio/TRINA/en_000140.wav
REC_0000318,en,TRINA,audio/en/REC_0000318.wav,Lubricate the bearings on the main drive shaft.,machine maintenance,4620,0.0,0.0,1,841b8f9ec0b09160ebc7c857029acdd05719bf0bdcb4ed4078775ab5adb59859,audio/TRINA/en_000141.wav
REC_0000319,en,TRINA,audio/en/REC_0000319.wav,When was the last preventive maintenance performed on this unit?,machine maintenance,5820,10.0,3.17,0,5990975c6b30c09c1137f9c177e505f12d7f2a4424f5d9795798f59e5a8161f8,audio/TRINA/en_000142.wav
REC_0000320,en,TRINA,audio/en/REC_0000320.wav,The hydraulic pump requires immediate attention and repair.,machine maintenance,5280,0.0,0.0,1,981c75472901a95a24922cd64db51465f2989582a6808c7eb8af16ce71cec507,audio/TRINA/en_000143.wav
REC_0000321,en,TRINA,audio/en/REC_0000321.wav,Do not touch the moving parts during operation.,machine maintenance,4080,0.0,0.0,1,6397c6c4fcd18e917d33dda4a4e2aae65c9b1abd16a245756be256555819fb7d,audio/TRINA/en_000144.wav
REC_0000322,en,TRINA,audio/en/REC_0000322.wav,Maintenance on the robotic arm is now complete.,machine maintenance,3420,0.0,0.0,1,4ae9e18473357bec0be3847cb13951804acdd25b98c92cfad87b10b8fda1dad4,audio/TRINA/en_000145.wav
REC_0000323,en,TRINA,audio/en/REC_0000323.wav,Inspect the worn out gears on the packaging machine.,machine maintenance,5040,0.0,0.0,1,47b99b97d97759484af5ddb947a9d7681fb4357d2db757bd745174f20fdaec98,audio/TRINA/en_000146.wav
REC_0000324,en,TRINA,audio/en/REC_0000324.wav,Order replacement parts for the conveyor motor.,machine maintenance,3300,0.0,0.0,1,84f219c36e7ae593275095e502618a7125ba0d6e5c2df53a165a63d1fc7bba86,audio/TRINA/en_000147.wav
REC_0000325,en,TRINA,audio/en/REC_0000325.wav,Put on your safety goggles before entering this area.,industrial safety,4620,0.0,0.0,1,07002729920eaf8cf5632cb02f741261834e64814f90b96e97f13fcd61a5ecec,audio/TRINA/en_000148.wav
REC_0000326,en,TRINA,audio/en/REC_0000326.wav,Has everyone completed the latest safety training module?,industrial safety,5220,0.0,0.0,1,fdf096a52bf144d83a75cbc20bb8fbe2cfeb86c897fe3bb4bc58b823ad6461d3,audio/TRINA/en_000149.wav
REC_0000327,en,TRINA,audio/en/REC_0000327.wav,All emergency exits are clear and fully accessible.,industrial safety,5820,0.0,0.0,1,8fdc53172e98ffff9f8fbd75f5330859deb22ec8ed80240ad76a39c9713b05a5,audio/TRINA/en_000150.wav
REC_0000328,en,TRINA,audio/en/REC_0000328.wav,High voltage equipment is present; keep a safe distance.,industrial safety,4260,0.0,0.0,1,e33dc5f7c5502555402b50fb3b26dfd577fd573f87da98618e9e5469e22d867e,audio/TRINA/en_000151.wav
REC_0000329,en,TRINA,audio/en/REC_0000329.wav,The lockout tagout procedure was correctly followed.,industrial safety,4080,0.0,0.0,1,84b3b31628b59b2c57c8aca008f46b62e482712a20538b6310fefb8f62919b2f,audio/TRINA/en_000152.wav
REC_0000331,en,TRINA,audio/en/REC_0000331.wav,Report any near misses immediately to the supervisor.,industrial safety,4740,0.0,0.0,1,7046cfd982ba557b80c3543ad716fd31e8b11f58ed1c42ab7427f586d403ad38,audio/TRINA/en_000154.wav
REC_0000334,en,TRINA,audio/en/REC_0000334.wav,The inbound shipment arrived an hour ahead of schedule.,warehouse,4080,0.0,0.0,1,134858649503c2549814cfec909a6571fbdc49dcd8e5ab7dc9b3c8a632397518,audio/TRINA/en_000157.wav
REC_0000335,en,TRINA,audio/en/REC_0000335.wav,Mind your head when operating the high reach truck.,warehouse,5700,0.0,0.0,1,6068822df24b8b856ab4697c553839254f8b2acd939e58be7aef4289dcc5cf80,audio/TRINA/en_000158.wav
REC_0000336,en,TRINA,audio/en/REC_0000336.wav,All received goods have been properly logged and stored.,warehouse,4740,0.0,0.0,1,b3aaba0c419e267d984ec990ad380350b4466ee5f3108a88528ae60e622140de,audio/TRINA/en_000159.wav
REC_0000338,en,TRINA,audio/en/REC_0000338.wav,Scan the barcode on that outgoing package.,warehouse,3960,0.0,0.0,1,9dde348a6d627ced96ea440e798c98e93c1b9bbc93466d61bc55982be7b81657,audio/TRINA/en_000161.wav
REC_0000339,en,TRINA,audio/en/REC_0000339.wav,Load the containers onto the departing truck immediately.,logistics,4860,0.0,0.0,1,b31672eaed297926aa900d8c6226724026b35556f714cd65ee50f07ceee09785,audio/TRINA/en_000162.wav
REC_0000340,en,TRINA,audio/en/REC_0000340.wav,When will the next delivery truck be arriving at the dock?,logistics,4200,9.09,3.51,0,434e8c0a2a8d038453ee2cbe2d314a6962e14cb276f548f7160273145d28e2a0,audio/TRINA/en_000163.wav
REC_0000342,en,TRINA,audio/en/REC_0000342.wav,Secure all loads properly before transit to prevent shifting.,logistics,6600,0.0,0.0,1,40d9d2ebf95e735e953654b9a8041be212e3313effbbb869aeb0fc607e6c44a0,audio/TRINA/en_000165.wav
REC_0000343,en,TRINA,audio/en/REC_0000343.wav,The delivery schedule has been successfully updated.,logistics,3960,0.0,0.0,1,59d93c553cad6a09af3cdc1d09ecab826c13273294bd6487528a8390c1534843,audio/TRINA/en_000166.wav
REC_0000344,en,TRINA,audio/en/REC_0000344.wav,Check the truck's tire pressure before it leaves.,logistics,4260,0.0,0.0,1,b37e615cb05eaca52888198c335be294bb749bf6a50505595a03b6e210b1e4b9,audio/TRINA/en_000167.wav
REC_0000345,en,TRINA,audio/en/REC_0000345.wav,Print the shipping labels for today's orders.,logistics,3960,0.0,0.0,1,2cc8c8bc60402b1ea75625d3fc959492f0bc1738ec9ab26269c3bb9c388898d5,audio/TRINA/en_000168.wav
REC_0000346,en,TRINA,audio/en/REC_0000346.wav,Run a sample test on the latest product batch.,quality control,4560,0.0,0.0,1,75f5e329d988434c3393b35e62962ef067fc82a99a3c45ee3c451a2b85a69e9b,audio/TRINA/en_000169.wav
REC_0000347,en,TRINA,audio/en/REC_0000347.wav,Does this component meet the required quality specifications?,quality control,5160,0.0,0.0,1,23d2b8226c7191a550887a0ebec70c9b2a829b9c59530dd105929ca91704c54d,audio/TRINA/en_000170.wav
REC_0000348,en,TRINA,audio/en/REC_0000348.wav,Rejected units are being diverted to the rework station.,quality control,5520,0.0,0.0,1,26f042ee402493b0ffc41570ebc61a600e6965f26b3b414d9b00093e58428ab6,audio/TRINA/en_000171.wav
REC_0000349,en,TRINA,audio/en/REC_0000349.wav,Do not ship any product failing quality inspection.,quality control,4620,0.0,0.0,1,7dedc095cede44b4bf243b097c06a78853b47e9cc2ffa06e26e3995f6458646a,audio/TRINA/en_000172.wav
REC_0000350,en,TRINA,audio/en/REC_0000350.wav,The final product passed all rigorous quality checks.,quality control,4800,0.0,0.0,1,2313dcc700725dd62eb39faee02a8be4485a523a22763ad40e41fa81145d3cd2,audio/TRINA/en_000173.wav
REC_0000353,en,TRINA,audio/en/REC_0000353.wav,Adjust the feeder speed on section four of the line.,production line,4440,10.0,7.84,0,a5928101ea00377c7f7ce2d9a24da9c59178d48f7efe05e90f9b9f85f1c0b37f,audio/TRINA/en_000176.wav
REC_0000354,en,TRINA,audio/en/REC_0000354.wav,Are there any bottlenecks causing delays on the line?,production line,4140,0.0,0.0,1,01f5e68492932ebc6de198bb498d1c3675a5e092d0b03a456dd880b080c0e8a6,audio/TRINA/en_000177.wav
REC_0000355,en,TRINA,audio/en/REC_0000355.wav,The production line is running smoothly at target speed.,production line,4020,0.0,0.0,1,799a42204822c8505f22e28c81b322b6539c79764e5b57256753325c5f9fc884,audio/TRINA/en_000178.wav
REC_0000356,en,TRINA,audio/en/REC_0000356.wav,Keep clear of the automated welding robot's path.,production line,4740,0.0,0.0,1,50c80050c42fb1f818b0302d5a54dffb43c5c64b09de21245ab8ce6b5ab252fd,audio/TRINA/en_000179.wav
REC_0000357,en,TRINA,audio/en/REC_0000357.wav,All stations on the line are fully operational.,production line,4020,0.0,0.0,1,c709dcf41de0f21b590f6f409793640c1b6174363e33865669fb9246171596ae,audio/TRINA/en_000180.wav
REC_0000358,en,TRINA,audio/en/REC_0000358.wav,Check alignment of parts coming off the press.,production line,3840,0.0,0.0,1,55a07923d0e74987869a112a13b71ae2f8c6f0c52a2fa8cc2036e149d8bab58e,audio/TRINA/en_000181.wav
REC_0000359,en,TRINA,audio/en/REC_0000359.wav,Pause the line for a quick tool change.,production line,3720,0.0,0.0,1,05a2dabba1bb22eb452fbe0245948ac4296f9904cff4732cefa5d121e55f9e34,audio/TRINA/en_000182.wav
REC_0000361,en,TRINA,audio/en/REC_0000361.wav,Initiate diagnostic sequence for the intermittent motor fault.,equipment fault,5700,0.0,0.0,1,308145505b72fb19abd6568db012c367ce822fe47fe0cc5837d74f2a6163b5d4,audio/TRINA/en_000184.wav
REC_0000362,en,TRINA,audio/en/REC_0000362.wav,What is the error code displayed on the HMI panel?,equipment fault,4500,0.0,0.0,1,eb974c734cf4edae77a631a11e0059cdeebffa5402a47359df2a9d70f5157aa0,audio/TRINA/en_000185.wav
REC_0000363,en,TRINA,audio/en/REC_0000363.wav,The main pump is experiencing an unexpected power surge.,equipment fault,5400,0.0,0.0,1,590939bc6c8a510c3f193a6250269a20b4dea138f1f8f0d186189baf05fcf4ce,audio/TRINA/en_000186.wav
REC_0000364,en,TRINA,audio/en/REC_0000364.wav,The machine is overheating; shut it down immediately.,equipment fault,4920,0.0,0.0,1,7ef568493a8a519446a27569e6c3fa5f3db0e3959598132683af5d416f2d9be6,audio/TRINA/en_000187.wav
REC_0000365,en,TRINA,audio/en/REC_0000365.wav,"Yes, the fault has been cleared and reset.",equipment fault,4080,0.0,0.0,1,134f65839bb16094d4b1f66dcb2ee83928e6811ce2bba1f355a33d1c1ab9f214,audio/TRINA/en_000188.wav
REC_0000366,en,TRINA,audio/en/REC_0000366.wav,Investigate the source of that strange grinding noise.,equipment fault,3660,0.0,0.0,1,bd60022b1c99bc625182bba22ad8cbd27386b712fe7eab2f7213973a5b3fd223,audio/TRINA/en_000189.wav
REC_0000367,en,TRINA,audio/en/REC_0000367.wav,Report any unusual sounds coming from the compressor.,equipment fault,4740,0.0,0.0,1,055ee3ec794bd027bbf1ae0642e4a4cf40134fcc6ed53a107a937ba18dec0d5e,audio/TRINA/en_000190.wav
REC_0000368,en,TRINA,audio/en/REC_0000368.wav,Check the voltage readings on circuit breaker panel B.,electrical,4800,0.0,0.0,1,a0b4bf1e3983b4513e63043bdc36ebbb8a29d420efff4257518af9a3a53566eb,audio/TRINA/en_000191.wav
REC_0000369,en,TRINA,audio/en/REC_0000369.wav,Is the main power supply to the building stable?,electrical,4440,0.0,0.0,1,b4e9492f2b90bc3fdb4f6eafa55d86b7ec84b6f24c45c712022446cfe0eaf74f,audio/TRINA/en_000192.wav
REC_0000370,en,TRINA,audio/en/REC_0000370.wav,The current draw for the large motor is normal.,electrical,4320,0.0,0.0,1,4841e645f72a0ea8704b26b5d1958bf92128528337c419a7f976aad77cb97e12,audio/TRINA/en_000193.wav
REC_0000372,en,TRINA,audio/en/REC_0000372.wav,The emergency power generator is fully charged.,electrical,3900,0.0,0.0,1,ad7697ecfcd542eb3781529d044d57618e1291a3f8cacad23b6c5f1e0829d55a,audio/TRINA/en_000195.wav
REC_0000373,en,TRINA,audio/en/REC_0000373.wav,Examine the wiring for any signs of fraying or damage.,electrical,4380,0.0,0.0,1,ca91a4d53d99f9c6e4017255f1fda86530f37818beed0e96843b45c84cd9a8ac,audio/TRINA/en_000196.wav
REC_0000374,en,TRINA,audio/en/REC_0000374.wav,Disconnect power before servicing any electrical components.,electrical,4920,0.0,0.0,1,8d60fa7b25dea652b04c568edb5372b9a97bb679ecfc80aa6288bd718e86efb7,audio/TRINA/en_000197.wav
REC_0000376,en,TRINA,audio/en/REC_0000376.wav,What is the current temperature reading inside the oven?,temperature,3720,0.0,0.0,1,af0d7955f579f83a5abbeb47bc997312d17723682f808c56877773e1b1a767bd,audio/TRINA/en_000199.wav
REC_0000377,en,TRINA,audio/en/REC_0000377.wav,The cooling system is maintaining optimal operating temperature.,temperature,4620,0.0,0.0,1,dc76aaeedd40e194af01718786baf59c74304dec5be6146233d6db90b0e6f353,audio/TRINA/en_000200.wav
REC_0000378,en,TRINA,audio/en/REC_0000378.wav,"Caution, hot surface; allow equipment to cool down.",temperature,5340,0.0,0.0,1,71de9d8ca9d04a9397e5cf6347b01e87ae766cf836210e1a04fc2806e1b346db,audio/TRINA/en_000201.wav
REC_0000379,en,TRINA,audio/en/REC_0000379.wav,The temperature sensor is calibrated and working correctly.,temperature,4020,0.0,0.0,1,68e6ad055b9733ce3294bd3d32300fd5d713c2ff6ebf46ca340e2eec2a863662,audio/TRINA/en_000202.wav
REC_0000380,en,TRINA,audio/en/REC_0000380.wav,Monitor the temperature of the bearing housing every hour.,temperature,4740,11.11,1.75,0,439f14c57fe2b6347a60bac926be8e697106f3c04520dfac869670a1491fa139,audio/TRINA/en_000203.wav
REC_0000381,en,TRINA,audio/en/REC_0000381.wav,Increase the heat output slightly on the drying rack.,temperature,4500,0.0,0.0,1,101a54e5f0bcb3e12770d148ff6ffe79096e0e522dbde1c2cd3887cd31b9214d,audio/TRINA/en_000204.wav
REC_0000383,en,TRINA,audio/en/REC_0000383.wav,Is the pneumatic system holding its target pressure?,pressure,4260,0.0,0.0,1,568c37fea90e77f79e98a42975cd2698faeaa039a4ef55d83b6a0a47d4a27f14,audio/TRINA/en_000206.wav
REC_0000387,en,TRUONGGIANG,audio/en/REC_0000387.wav,Reduce the air pressure in the paint sprayer system.,pressure,6120,0.0,0.0,1,903347f9dd30311930bb9ffa581e070238cc2f14b6c77f8e7b582505d636a06f,audio/TRUONGGIANG/en_000211.wav
REC_0000388,en,TRUONGGIANG,audio/en/REC_0000388.wav,Calibrate the proximity sensor on the robotic arm.,sensors,7020,0.0,0.0,1,ce18c1b7f675ef6d8d375dfb5c5bf01c71db2ef3e86889488a0cdda9d28aa3a9,audio/TRUONGGIANG/en_000212.wav
REC_0000390,en,TRUONGGIANG,audio/en/REC_0000390.wav,The ultrasonic sensor is providing accurate distance measurements.,sensors,8340,0.0,0.0,1,78735c5c5a74eef01824bee3f5d472b89fecd517a9d8dae330a56f4731b7375c,audio/TRUONGGIANG/en_000214.wav
REC_0000392,en,TRUONGGIANG,audio/en/REC_0000392.wav,The new flow sensor is now fully operational.,sensors,5820,0.0,0.0,1,441e78e11eb6c9d0d6df2d76be19fef1eff26d931dcdc0540eb8a3b020c8ddd6,audio/TRUONGGIANG/en_000216.wav
REC_0000395,en,TRUONGGIANG,audio/en/REC_0000395.wav,Conduct a thorough visual inspection of the milling machine.,machine inspection,6900,0.0,0.0,1,65478920751dc8caf2275e46fbe665fdcd58cc8d3b1a188c95b12a3863564327,audio/TRUONGGIANG/en_000219.wav
